-- phpMyAdmin SQL Dump
-- version 4.9.7
-- https://www.phpmyadmin.net/
--
-- Host: localhost:3306
-- Generation Time: Mar 27, 2022 at 05:34 PM
-- Server version: 10.3.34-MariaDB-log
-- PHP Version: 7.3.33

SET SQL_MODE = "NO_AUTO_VALUE_ON_ZERO";
SET AUTOCOMMIT = 0;
START TRANSACTION;
SET time_zone = "+00:00";


/*!40101 SET @OLD_CHARACTER_SET_CLIENT=@@CHARACTER_SET_CLIENT */;
/*!40101 SET @OLD_CHARACTER_SET_RESULTS=@@CHARACTER_SET_RESULTS */;
/*!40101 SET @OLD_COLLATION_CONNECTION=@@COLLATION_CONNECTION */;
/*!40101 SET NAMES utf8mb4 */;

--
-- Database: `seaspmuc_seas`
--

-- --------------------------------------------------------

--
-- Table structure for table `pageform`
--

CREATE TABLE `pageform` (
  `user_id` int(100) NOT NULL,
  `page_id` int(100) NOT NULL,
  `page_title` varchar(100) NOT NULL,
  `page_date` varchar(100) NOT NULL,
  `default_form_element` varchar(2000) NOT NULL,
  `default_form_name` varchar(2000) NOT NULL,
  `form_element` mediumtext NOT NULL,
  `iteration` varchar(200) NOT NULL,
  `pulse_val` varchar(100) NOT NULL,
  `single_ip_sign_status` varchar(100) NOT NULL,
  `form_logo` varchar(2000) NOT NULL
) ENGINE=InnoDB DEFAULT CHARSET=utf8mb4;

--
-- Dumping data for table `pageform`
--

INSERT INTO `pageform` (`user_id`, `page_id`, `page_title`, `page_date`, `default_form_element`, `default_form_name`, `form_element`, `iteration`, `pulse_val`, `single_ip_sign_status`, `form_logo`) VALUES
(123456789, 280298, 'Untitled', '12/11/2021', 'name,matrix_num,custom,custom,custom', 'Name,Matrix Number,Table Title,Awak suka saya ?,Tahap Suka', '{\"question\":[{\"jsonindex\":0,\"type\":\"text\",\"table_title\":\"Table Title\",\"title\":\"Text Title\"},{\"jsonindex\":1,\"type\":\"binary\",\"table_title\":\"Awak suka saya ?\",\"title\":\"Awak suka saya ?\",\"firstval\":\"No\",\"secondval\":\"Yes\",\"thirdval\":\"\"},{\"jsonindex\":2,\"type\":\"likert\",\"table_title\":\"Tahap Suka\",\"title\":\"Tahap Suka\",\"firstval\":\"Very Bad\",\"secondval\":\"Bad\",\"thirdval\":\"Average\",\"fourthval\":\"Good\",\"fifthval\":\"Very Good\"}]}', '7', '', 'false', 'public/form_logo/280298-177360.jpg'),
(76973662, 288267, 'Untitled', '15/01/2022', 'name,matrix_num,ic_number,birthday,email', 'Name,Matrix Number,IC Number,Birthday,Email', '{\"question\":[]}', '2', '110001', 'false', 'image/event.png'),
(59848956, 344532, 'Untitled', '18/11/2021', 'name,matrix_num', 'Name,Matrix Number', '{\"question\":[]}', '4', '', 'false', 'image/event.png'),
(6942765, 409837, 'Untitled', '13/12/2021', 'name,matrix_num', 'Name,Matrix Number', '', '1', '', 'false', 'image/event.png'),
(76973662, 562383, 'Final Year Presentation', '12/01/2022', 'name,matrix_num', 'Name,Matrix Number', '{\"question\":[]}', '1', '110100', 'false', 'image/event.png'),
(123456789, 737552, 'testing', '12/11/2021', 'name,matrix_num', 'Name,Matrix Number', '{\"question\":[]}', '2', '100110', 'false', 'image/event.png'),
(76973662, 741542, 'Demo 3 something', '30/11/2021', 'name,matrix_num,custom,custom,custom', 'Name,Matrix Number,Ulasan,Tahap pemahaman,Anda Suka ?', '{\"question\":[{\"jsonindex\":0,\"type\":\"text\",\"table_title\":\"Ulasan\",\"title\":\"Ulasan\"},{\"jsonindex\":1,\"type\":\"likert\",\"table_title\":\"Tahap pemahaman\",\"title\":\"Tahap pemahaman\",\"firstval\":\"Very Bad\",\"secondval\":\"Bad\",\"thirdval\":\"Average\",\"fourthval\":\"Good\",\"fifthval\":\"Very Good\"},{\"jsonindex\":2,\"type\":\"binary\",\"table_title\":\"Anda Suka ?\",\"title\":\"Anda Suka ?\",\"firstval\":\"No\",\"secondval\":\"Yes\",\"thirdval\":\"\"}]}', '3', '', 'false', 'public/form_logo/741542-238232.jpg'),
(14859692, 958240, 'Untitled', '28/12/2021', 'name,matrix_num', 'Name,Matrix Number', '', '1', '', 'false', 'image/event.png'),
(123456789, 1035489, 'Untitled', '26/10/2021', 'name,matrix_num', 'Name,Matrix Number', '{\"question\":[]}', '2', '011001', 'false', 'image/event.png'),
(31567357, 1146582, 'Untitled', '05/12/2021', 'name,matrix_num', 'Name,Matrix Number', '', '1', '', '', 'image/event.png'),
(123456789, 1177414, 'Perjumpaan Penasihat Akademik', '15/10/2021', 'name,matrix_num,custom,custom', 'Name,Matrix Number,dah makan x xx,selera makan', '{\"question\":[{\"jsonindex\":0,\"type\":\"binary\",\"table_title\":\"dah makan x xx\",\"title\":\"Awak Sudah Makan\",\"firstval\":\"No\",\"secondval\":\"Yes\",\"thirdval\":\"Maybe\"},{\"jsonindex\":1,\"type\":\"likert\",\"table_title\":\"selera makan\",\"title\":\"Tahap Selera Makan\",\"firstval\":\"Very Bad\",\"secondval\":\"Bad\",\"thirdval\":\"Average\",\"fourthval\":\"Good\",\"fifthval\":\"Very Good\"}]}', '13', '', 'false', 'public/form_logo/1177414-54201.jpg'),
(76973662, 1183314, 'hehehe', '23/11/2021', 'name,matrix_num,custom,custom,custom', 'Name,Matrix Number,Table Title,Table Title,Table Title', '{\"question\":[{\"jsonindex\":0,\"type\":\"binary\",\"table_title\":\"Table Title\",\"title\":\"Binary Title\",\"firstval\":\"No\",\"secondval\":\"Yes\",\"thirdval\":\"Maybe\"},{\"jsonindex\":1,\"type\":\"likert\",\"table_title\":\"Table Title\",\"title\":\"Likert Title\",\"firstval\":\"Very Bad\",\"secondval\":\"Bad\",\"thirdval\":\"Average\",\"fourthval\":\"Good\",\"fifthval\":\"Very Good\"},{\"jsonindex\":2,\"type\":\"text\",\"table_title\":\"Table Title\",\"title\":\"Text Title\"}]}', '2', '', 'false', 'image/event.png'),
(76973662, 1199495, 'Demo 3 third', '02/01/2022', 'name,matrix_num', 'Name,Matrix Number', '{\"question\":[]}', '1', '001110', 'false', 'image/event.png'),
(76973662, 1543728, 'Untitled', '15/01/2022', 'name,matrix_num', 'Name,Matrix Number', '{\"question\":[]}', '3', '110010', 'false', 'image/event.png'),
(76973662, 1704709, 'Demo Present Testing', '28/12/2021', 'name,matrix_num,ic_number,birthday,email', 'Name,Matrix Number,IC Number,Birthday,Email', '{\"question\":[]}', '2', '001011', 'false', 'image/event.png'),
(76973662, 1975918, 'PICE 2 test', '06/01/2022', 'name,matrix_num', 'Name,Matrix Number', '{\"question\":[]}', '1', '101001', 'false', 'image/event.png'),
(76973662, 2353018, 'Demo 3', '02/01/2022', 'name,matrix_num', 'Name,Matrix Number', '{\"question\":[]}', '2', '011100', 'false', 'image/event.png'),
(76973662, 2367752, 'Demo 3 ni ', '03/01/2022', 'name,matrix_num', 'Name,Matrix Number', '{\"question\":[]}', '1', '', 'false', 'image/event.png'),
(123456789, 2382314, 'Hari Ahad', '24/10/2021', 'name,matrix_num,ic_number,custom,custom,custom', 'Name,Matrix Number,IC Number,dah makan,tahap lapar,sihat', '{\"question\":[{\"jsonindex\":0,\"type\":\"binary\",\"table_title\":\"dah makan\",\"title\":\"Anda dah makan ?\",\"firstval\":\"No\",\"secondval\":\"Yes\",\"thirdval\":\"\"},{\"jsonindex\":1,\"type\":\"likert\",\"table_title\":\"tahap lapar\",\"title\":\"Tahap lahar\",\"firstval\":\"Very Bad\",\"secondval\":\"Bad\",\"thirdval\":\"Average\",\"fourthval\":\"Good\",\"fifthval\":\"Very Good\"},{\"jsonindex\":2,\"type\":\"binary\",\"table_title\":\"sihat\",\"title\":\"awak sihat ke ?\",\"firstval\":\"No\",\"secondval\":\"Yes\",\"thirdval\":\"Maybe\"}]}', '4', '100110', 'false', 'public/form_logo/2382314-636646.jpg'),
(123456789, 2430405, 'Untitled', '12/11/2021', 'name,matrix_num', 'Name,Matrix Number', '', '1', '', '', 'image/event.png'),
(91186202, 2446810, 'Untitled', '24/10/2021', 'name,matrix_num', 'Name,Matrix Number', '', '1', '', '', 'image/event.png'),
(123456789, 2502750, 'Untitled', '12/11/2021', 'name,matrix_num', 'Name,Matrix Number', '', '1', '', '', 'image/event.png'),
(74638823, 2773770, 'Untitled', '05/03/2022', 'name,matrix_num', 'Name,Matrix Number', '{\"question\":[]}', '2', '100011', 'false', 'image/event.png'),
(76973662, 2991260, 'Demo 3 Practice S2', '02/01/2022', 'name,matrix_num', 'Name,Matrix Number', '{\"question\":[]}', '2', '011010', 'false', 'image/event.png'),
(39885256, 3075478, 'Untitled', '24/10/2021', 'name,matrix_num', 'Name,Matrix Number', '', '1', '', 'false', 'image/event.png'),
(123456789, 3148545, 'jack', '12/11/2021', 'name,matrix_num', 'Name,Matrix Number', '{\"question\":[]}', '1', '011100', 'false', 'image/event.png'),
(76973662, 3241872, 'event', '01/03/2022', 'name,matrix_num', 'Name,Matrix Number', '{\"question\":[]}', '1', '', 'false', 'image/event.png'),
(123456789, 3271023, 'Untitled', '12/11/2021', 'name,matrix_num,custom', 'Name,Matrix Number,Table Title', '{\"question\":[{\"jsonindex\":0,\"type\":\"binary\",\"table_title\":\"Table Title\",\"title\":\"Binary Title\",\"firstval\":\"No\",\"secondval\":\"Yes\",\"thirdval\":\"Maybe\"}]}', '3', '010011', 'false', 'image/event.png'),
(123456789, 3408500, 'afiq movie', '08/11/2021', 'name,matrix_num,custom,ic_number', 'Name,Matrix Number,Table Title,IC Number', '{\"question\":[{\"jsonindex\":0,\"type\":\"text\",\"table_title\":\"Table Title\",\"title\":\"Text Title\"}]}', '1', '010011', 'false', 'image/event.png'),
(123456789, 3458601, 'koboi bebop', '26/10/2021', 'name,matrix_num,custom,custom', 'Name,Matrix Number,paquito,akuma 100%', '{\"question\":[{\"jsonindex\":0,\"type\":\"text\",\"table_title\":\"paquito\",\"title\":\"Text Title\"},{\"jsonindex\":1,\"type\":\"likert\",\"table_title\":\"akuma 100%\",\"title\":\"Likert Title\",\"firstval\":\"Very Bad\",\"secondval\":\"Bad\",\"thirdval\":\"Average\",\"fourthval\":\"Good\",\"fifthval\":\"Very Good\"}]}', '2', '001011', 'false', 'image/event.png'),
(76973662, 3776696, 'Permohonan  Menduduki Kolej kediaman Sehingga Tamat Sesi 1 : 2021/2021', '19/11/2021', 'name,matrix_num,ic_number,phone_num,address,custom,custom,custom,email', 'Name,Matrix Number,IC Number,Phone Number,Home Address,Sebab Memohon,Sebab Lain-lain,Nama Penasihat Akademik,Email', '{\"question\":[{\"jsonindex\":0,\"type\":\"binary\",\"table_title\":\"Sebab Memohon\",\"title\":\"Sebab Memohon\",\"firstval\":\"PdP\",\"secondval\":\"Lain-lain\",\"thirdval\":\"\"},{\"jsonindex\":1,\"type\":\"text\",\"table_title\":\"Sebab Lain-lain\",\"title\":\"Sebab Lain-lain\"},{\"jsonindex\":2,\"type\":\"text\",\"table_title\":\"Nama Penasihat Akademik\",\"title\":\"Nama Penasihat Akademik\"}]}', '1', '', 'false', 'image/event.png'),
(76973662, 4186877, 'Untitled', '15/03/2022', 'name,matrix_num', 'Name,Matrix Number', '', '1', '', 'false', 'image/event.png'),
(123456789, 4380055, 'Untitled', '25/10/2021', 'name,matrix_num', 'Name,Matrix Number', '', '1', '', '', 'image/event.png'),
(76973662, 4417210, 'Untitled', '23/11/2021', 'name,matrix_num', 'Name,Matrix Number', '', '1', '', '', 'image/event.png'),
(14859692, 4443855, 'Untitled', '28/12/2021', 'name,matrix_num,ic_number,birthday,email,father_name,city,race', 'Name,Matrix Number,IC Number,Birthday,Email,Father Name,City,Race', '{\"question\":[]}', '1', '111000', 'false', 'image/event.png'),
(76973662, 4699189, 'Program Outreach', '15/01/2022', 'name,matrix_num,custom,custom,custom', 'Name,Matrix Number,Nama pendek,Tahap Kenyang,Dah makan ?', '{\"question\":[{\"jsonindex\":0,\"type\":\"text\",\"table_title\":\"Nama pendek\",\"title\":\"Nama pendek\"},{\"jsonindex\":1,\"type\":\"likert\",\"table_title\":\"Tahap Kenyang\",\"title\":\"Tahap Kenyang\",\"firstval\":\"Very Bad\",\"secondval\":\"Bad\",\"thirdval\":\"Average\",\"fourthval\":\"Good\",\"fifthval\":\"Very Good\"},{\"jsonindex\":2,\"type\":\"binary\",\"table_title\":\"Dah makan ?\",\"title\":\"Dah makan ?\",\"firstval\":\"No\",\"secondval\":\"Yes\",\"thirdval\":\"\"}]}', '5', '000100', 'false', 'image/event.png'),
(76973662, 4779904, 'Program Pice', '15/01/2022', 'name,matrix_num,ic_number,birthday,email,phone_num,address,club,club,custom', 'Name,Matrix Number,IC Number,Birthday,Email,Phone Number,Home Address,Club,Club,dah ,makan', '{\"question\":[{\"jsonindex\":0,\"type\":\"text\",\"table_title\":\"dah ,makan\",\"title\":\"lapar ka\"}]}', '3', '', 'false', 'image/event.png'),
(123456789, 4845763, 'Untitled', '12/11/2021', 'name,matrix_num', 'Name,Matrix Number', '', '1', '', '', 'image/event.png'),
(74638823, 4969859, 'Untitled', '05/03/2022', 'name,matrix_num', 'Name,Matrix Number', '', '1', '110010', 'false', 'image/event.png'),
(76973662, 5408443, 'Unit Testing', '27/12/2021', 'name,matrix_num,custom,custom,ic_number', 'Name,Matrix Number,Perasaan anda hari ini,Makanan Kegemaran,IC Number', '{\"question\":[{\"jsonindex\":0,\"type\":\"likert\",\"table_title\":\"Perasaan anda hari ini\",\"title\":\"Perasaan anda hari ini ?\",\"firstval\":\"Very Bad\",\"secondval\":\"Bad\",\"thirdval\":\"Average\",\"fourthval\":\"Good\",\"fifthval\":\"Very Good\"},{\"jsonindex\":1,\"type\":\"text\",\"table_title\":\"Makanan Kegemaran\",\"title\":\"Makanan Kegemaran\"}]}', '1', '', 'false', 'image/event.png'),
(76973662, 5473121, 'Untitled', '06/12/2021', 'name,matrix_num,birthday,email', 'Name,Matrix Number,Birthday,Email', '{\"question\":[]}', '2', '', 'false', 'image/event.png'),
(76973662, 5553341, 'PICE', '06/01/2022', 'name,matrix_num', 'Name,Matrix Number', '{\"question\":[]}', '1', '100101', 'false', 'image/event.png'),
(76973662, 5829020, 'Untitled', '28/12/2021', 'name,matrix_num', 'Name,Matrix Number', '', '1', '', '', 'image/event.png'),
(76973662, 5841810, 'Perjumpaan Petang 1:30 PM', '28/12/2021', 'name,matrix_num', 'Name,Matrix Number', '{\"question\":[]}', '2', '', 'false', 'image/event.png'),
(76973662, 5879470, 'arduino project', '14/12/2021', 'name,matrix_num', 'Name,Matrix Number', '{\"question\":[]}', '1', '', 'false', 'image/event.png'),
(6701268, 6037572, 'Untitled', '05/01/2022', 'name,matrix_num', 'Name,Matrix Number', '', '1', '000001', 'false', 'image/event.png'),
(76973662, 6359081, 'Demo 3 today', '02/01/2022', 'name,matrix_num', 'Name,Matrix Number', '{\"question\":[]}', '2', '001011', 'false', 'image/event.png'),
(76973662, 6496901, 'Testing hari selasa', '03/01/2022', 'name,matrix_num', 'Name,Matrix Number', '{\"question\":[]}', '1', '', 'false', 'image/event.png'),
(76973662, 6737625, 'Program hari ini', '15/01/2022', 'name,matrix_num,custom', 'Name,Matrix Number,ada baik?', '{\"question\":[{\"jsonindex\":0,\"type\":\"likert\",\"table_title\":\"ada baik?\",\"title\":\"ada baik\",\"firstval\":\"Very Bad\",\"secondval\":\"Bad\",\"thirdval\":\"Average\",\"fourthval\":\"Good\",\"fifthval\":\"Very Good\"}]}', '1', '', 'false', 'image/event.png'),
(123456789, 6857760, 'Untitledcc', '12/11/2021', 'name,matrix_num', 'Name,Matrix Number', '{\"question\":[]}', '3', '101010', 'false', 'image/event.png'),
(76973662, 7115042, 'Untitled', '26/12/2021', 'name,matrix_num', 'Name,Matrix Number', '{\"question\":[]}', '2', '', '', 'image/event.png'),
(76973662, 7164052, 'Tiong tidur', '18/11/2021', 'name,matrix_num,custom,custom', 'Name,Matrix Number,Mau tidur,Ngantuk', '{\"question\":[{\"jsonindex\":0,\"type\":\"binary\",\"table_title\":\"Mau tidur\",\"title\":\"Mau tidur\",\"firstval\":\"No\",\"secondval\":\"Yes\",\"thirdval\":\"Maybe\"},{\"jsonindex\":1,\"type\":\"likert\",\"table_title\":\"Ngantuk\",\"title\":\"Ngantuk ?\",\"firstval\":\"Very Bad\",\"secondval\":\"Bad\",\"thirdval\":\"Average\",\"fourthval\":\"Good\",\"fifthval\":\"Very Good\"}]}', '2', '', 'false', 'public/form_logo/7164052-151677.jpg'),
(123456789, 7167979, 'Untitled', '12/11/2021', 'name,matrix_num', 'Name,Matrix Number', '', '1', '', '', 'image/event.png'),
(76973662, 7372318, 'meeting petang', '16/12/2021', 'name,matrix_num,custom,custom,custom,birthday,email,primary_school,city', 'Name,Matrix Number,Dah makan,Tahap lapar,Komen,Birthday,Email,Primary School,City', '{\"question\":[{\"jsonindex\":0,\"type\":\"binary\",\"table_title\":\"Dah makan\",\"title\":\"Dah makan ?\",\"firstval\":\"No\",\"secondval\":\"Yes\",\"thirdval\":\"\"},{\"jsonindex\":1,\"type\":\"likert\",\"table_title\":\"Tahap lapar\",\"title\":\"Tahap lapar\",\"firstval\":\"Very Bad\",\"secondval\":\"Bad\",\"thirdval\":\"Average\",\"fourthval\":\"Good\",\"fifthval\":\"Very Good\"},{\"jsonindex\":2,\"type\":\"text\",\"table_title\":\"Komen\",\"title\":\"Ada komen ?\"}]}', '3', '110010', 'false', 'public/form_logo/7372318-51417.jpg'),
(17548142, 7529275, 'kelas 19/11/2021', '19/11/2021', 'name,matrix_num,custom,email,custom', 'Name,Matrix Number,jebat,Email,hakim', '{\"question\":[{\"jsonindex\":0,\"type\":\"likert\",\"table_title\":\"jebat\",\"title\":\"testing\",\"firstval\":\"Very Bad\",\"secondval\":\"Bad\",\"thirdval\":\"Average\",\"fourthval\":\"Good\",\"fifthval\":\"Very Good\"},{\"jsonindex\":1,\"type\":\"likert\",\"table_title\":\"hakim\",\"title\":\"Likert Title\",\"firstval\":\"Very Bad\",\"secondval\":\"Bad\",\"thirdval\":\"Average\",\"fourthval\":\"Good\",\"fifthval\":\"Very Good\"}]}', '5', '110001', 'false', 'public/form_logo/7529275-539873.jpg'),
(76973662, 7682444, 'Demo 3 ', '04/01/2022', 'name,matrix_num', 'Name,Matrix Number', '{\"question\":[]}', '2', '', 'false', 'image/event.png'),
(76973662, 7817442, 'Untitled', '19/11/2021', 'name,matrix_num,custom,custom,custom', 'Name,Matrix Number,Awak suka saya ?,Table Title,Table Title', '{\"question\":[{\"jsonindex\":0,\"type\":\"binary\",\"table_title\":\"Awak suka saya ?\",\"title\":\"Awak suka saya ?\",\"firstval\":\"No\",\"secondval\":\"Yes\",\"thirdval\":\"Maybe\"},{\"jsonindex\":1,\"type\":\"text\",\"table_title\":\"Table Title\",\"title\":\"Text Title\"},{\"jsonindex\":2,\"type\":\"likert\",\"table_title\":\"Table Title\",\"title\":\"Likert Title\",\"firstval\":\"Very Bad\",\"secondval\":\"Bad\",\"thirdval\":\"Average\",\"fourthval\":\"Good\",\"fifthval\":\"Very Good\"}]}', '5', '', 'false', 'public/form_logo/7817442-674461.jpg'),
(14859692, 7853711, 'Untitled', '03/01/2022', 'name,matrix_num,ic_number,address,birthday,city,zip_code', 'Name,Matrix Number,IC Number,Home Address,Birthday,City,Zip Code', '{\"question\":[]}', '1', '', 'false', 'image/event.png'),
(123456789, 7867859, 'Untitled', '15/10/2021', 'name,matrix_num,custom', 'Name,Matrix Number,Table Title', '{\"question\":[{\"jsonindex\":0,\"type\":\"likert\",\"table_title\":\"Table Title\",\"title\":\"Likert Title\",\"firstval\":\"Very Bad\",\"secondval\":\"Bad\",\"thirdval\":\"Average\",\"fourthval\":\"Good\",\"fifthval\":\"Very Good\"}]}', '1', '', '', 'image/event.png'),
(76973662, 8628647, 'Demo 3 next', '02/01/2022', 'name,matrix_num', 'Name,Matrix Number', '{\"question\":[]}', '1', '101010', 'false', 'image/event.png'),
(76973662, 9480680, 'Demo 3', '28/12/2021', 'name,matrix_num,birthday,phone_num,email,ic_number,primary_school', 'Name,Matrix Number,Birthday,Phone Number,Email,IC Number,Primary School', '{\"question\":[]}', '2', '001110', 'false', 'image/event.png'),
(76973662, 9525019, 'PICE Demo', '06/01/2022', 'name,matrix_num', 'Name,Matrix Number', '{\"question\":[]}', '1', '', 'false', 'image/event.png'),
(76973662, 9798306, 'fyp', '12/01/2022', 'name,matrix_num', 'Name,Matrix Number', '{\"question\":[]}', '1', '', 'false', 'image/event.png'),
(76973662, 9956855, 'Untitled', '27/12/2021', 'name,matrix_num', 'Name,Matrix Number', '', '1', '', '', 'image/event.png'),
(123456789, 9980506, 'Untitled', '16/11/2021', 'name,matrix_num,custom,custom,custom', 'Name,Matrix Number,Makan taik ?,Tahap Bijak,Nama Sebenar', '{\"question\":[{\"jsonindex\":0,\"type\":\"binary\",\"table_title\":\"Makan taik ?\",\"title\":\"Makan taik ?\",\"firstval\":\"No\",\"secondval\":\"Yes\",\"thirdval\":\"\"},{\"jsonindex\":1,\"type\":\"likert\",\"table_title\":\"Tahap Bijak\",\"title\":\"Tahap Bijak\",\"firstval\":\"Very Bad\",\"secondval\":\"Bad\",\"thirdval\":\"Average\",\"fourthval\":\"Good\",\"fifthval\":\"Very Good\"},{\"jsonindex\":2,\"type\":\"text\",\"table_title\":\"Nama Sebenar\",\"title\":\"Nama Sebenar\"}]}', '2', '', 'false', 'public/form_logo/9980506-230352.jpg');

-- --------------------------------------------------------

--
-- Table structure for table `sign_history`
--

CREATE TABLE `sign_history` (
  `user_id` int(200) NOT NULL,
  `page_id` int(200) NOT NULL,
  `sign_status` int(10) NOT NULL,
  `iteration` varchar(200) NOT NULL,
  `ip_address` varchar(200) NOT NULL
) ENGINE=InnoDB DEFAULT CHARSET=utf8mb4;

--
-- Dumping data for table `sign_history`
--

INSERT INTO `sign_history` (`user_id`, `page_id`, `sign_status`, `iteration`, `ip_address`) VALUES
(76973662, 7164052, 1, '2', '183.171.117.130'),
(76973662, 344532, 1, '4', '183.171.117.130'),
(59848956, 344532, 1, '4', '183.171.117.130'),
(59848956, 7529275, 1, '4', '183.171.117.130'),
(17548142, 7529275, 1, '5', '113.211.102.202'),
(90311206, 7529275, 1, '4', '183.171.118.17'),
(59848956, 7817442, 1, '5', '183.171.117.130'),
(59848956, 3776696, 1, '1', '183.171.116.74'),
(76973662, 1183314, 1, '2', '183.171.116.99'),
(123456789, 1183314, 0, '2', ''),
(59848956, 741542, 1, '2', '183.171.118.173'),
(17548142, 741542, 1, '2', '113.211.165.186'),
(76973662, 5473121, 1, '2', '183.171.119.170'),
(60764766, 5879470, 1, '1', '183.171.117.79'),
(2176865, 7372318, 1, '2', '183.171.117.72'),
(76973662, 7372318, 0, '1', ''),
(34839252, 7372318, 1, '2', '183.171.118.55'),
(76973662, 3776696, 0, '1', ''),
(76973662, 5408443, 1, '1', '183.171.117.171'),
(76973662, 741542, 1, '3', '183.171.117.171'),
(123456789, 741542, 0, '3', ''),
(76973662, 9480680, 1, '2', '183.171.117.171'),
(74638823, 5841810, 1, '1', '113.210.51.170'),
(94329313, 5841810, 1, '2', '183.171.117.171'),
(51086380, 5841810, 1, '2', '183.171.118.160'),
(14859692, 5841810, 1, '2', '183.171.115.146'),
(64326364, 5841810, 1, '2', '113.210.48.215'),
(31567357, 1704709, 1, '1', '113.210.111.155'),
(76973662, 1704709, 1, '2', '183.171.119.51'),
(76973662, 2353018, 1, '2', '183.171.118.40'),
(76973662, 6359081, 1, '2', '183.171.118.40'),
(31567357, 2991260, 1, '1', '113.211.164.225'),
(13029031, 2991260, 1, '1', '183.171.118.40'),
(74638823, 2991260, 1, '2', '183.171.118.40'),
(74638823, 1199495, 1, '1', '183.171.118.40'),
(74638823, 8628647, 1, '1', '183.171.118.40'),
(74638823, 2367752, 1, '1', '183.171.118.40'),
(74638823, 6496901, 1, '1', '183.171.118.40'),
(74638823, 7682444, 1, '2', '183.171.118.40'),
(76973662, 7682444, 1, '2', '183.171.118.40'),
(14859692, 7682444, 0, '2', ''),
(74638823, 5553341, 1, '1', '183.171.118.40'),
(74638823, 1975918, 1, '1', '183.171.118.40'),
(74638823, 9525019, 1, '1', '183.171.118.40'),
(74638823, 9798306, 1, '1', '183.171.118.231'),
(74638823, 562383, 1, '1', '183.171.118.231'),
(31567357, 562383, 1, '1', '113.210.111.109'),
(94329313, 1543728, 1, '2', '183.171.116.41'),
(74638823, 1543728, 1, '2', '183.171.116.41'),
(74638823, 4699189, 1, '4', '115.164.73.181'),
(94329313, 4699189, 1, '3', '183.171.116.41'),
(31567357, 4699189, 1, '3', '113.210.111.109'),
(81681205, 288267, 0, '1', ''),
(94329313, 288267, 1, '2', '183.171.116.41'),
(91517759, 4779904, 1, '2', '183.171.116.231'),
(94329313, 4779904, 1, '3', '183.171.116.41'),
(31567357, 4779904, 1, '3', '113.210.111.109'),
(94329313, 6737625, 1, '1', '183.171.116.41'),
(74638823, 3241872, 1, '1', '183.171.117.249'),
(74638823, 4969859, 1, '1', '113.211.105.66'),
(74638823, 2773770, 1, '2', '183.171.132.218');

-- --------------------------------------------------------

--
-- Table structure for table `user`
--

CREATE TABLE `user` (
  `user_id` int(100) NOT NULL,
  `email` varchar(200) NOT NULL,
  `password` varchar(100) NOT NULL
) ENGINE=InnoDB DEFAULT CHARSET=utf8mb4;

--
-- Dumping data for table `user`
--

INSERT INTO `user` (`user_id`, `email`, `password`) VALUES
(2176865, 'sheiryrozy01@gmail.com', '$2y$10$HCghqrNvEmW8AJ4urw2k5O8hwpAIRrI6ABs0lKJuTZsjzD044ZJAy'),
(6701268, 'nurul.asmahani@gmail.com', '$2y$10$MT7pSzYDM8XguEnRbFfhRuRXYpmpDF79DDwZJ6RZMyAdl0YzmqbqK'),
(6942765, 'vienlyn155@gmail.com', '$2y$10$551rQ0dfPl9F1D89lyksWObvWITnXEn6FXOUX9KezACbJ6LMit5aG'),
(11163511, 'sarawak40@gmail.com', '$2y$10$TIeeGk.jbaB.1hQUOceXaO7QesilRzP7.exxwJiRYJtnq0MZLhlja'),
(13029031, 'guess@email.com', '$2y$10$CBa3G3ZSXe72FbQ8IFlz.upkKnJSBkKsIlCva6bTVD9rg0Q20WIIe'),
(14859692, 'tiong2000@gmail.com', '$2y$10$oT4Sd1GqVy92QML9yh2cS.haUoHkQHvroNQMf2YjdPqPNiCGarNlu'),
(17548142, 'thariq9694@gmail.com', '$2y$10$5rBCkHrBecT081hhJ0SSFu.guw.GRVDVO46yT.rwLdS/IWc9pj2B2'),
(19186748, 'azestmab@gmail.com', '$2y$10$wd7WyJgdijnZp0Ru/gXW.uarUTN8RG4B3JPyn4obYNFgeXE7R1KZa'),
(19788673, 'afiq2001@gmail.com', '$2y$10$azV2CjhEw7ztTzEv028qz.CdafKSPQsOZV8pr.Ia./cp7AJRFpWU.'),
(23012962, 'sarawak400@gmail.com', '$2y$10$XALK.V/9vyGFnN9octGgcubYIfOAs9oDsS85SUcYebdbBH8Mbn7QS'),
(23443946, 'sarawak@gmail.com', '$2y$10$ttNRW4mfDP5N.UenznZJK.bEtf1Mxu789UOcOjk/duPkEdRdr.1RG'),
(24529015, 'xgg@gmail.com', '$2y$10$7C4f8dApKgcq0JcxHJPeFuu5Oyh3RqHW538dBDFMjMBE0PwVlVa.i'),
(25556680, 'lebin@gmail.com', '$2y$10$.fXZWYyWa/7KzcBZZ5SweOiearDhP/OAhNaEY6Xc9CNQuWqqNMSFG'),
(31567357, 'abinsigat19@gmail.com', '$2y$10$ISNfhP86t./YvJoV2l05he3uueqbZm5/I6tveUztc/zj8c3WfAXAS'),
(33033536, 'hakimtesthash@gmail.com', '$2y$10$JH6TBgCGqhDqWc/wmmzQU.xce56aBe57CmJa7xylfjB9DODDCHvaG'),
(34839252, 'andzyundead@gmail.com', '$2y$10$hoxHwqLest3I.3z1lDa0n.RrQfwa5o5iunYLC5eSe.mkuCwZ5Z/Qa'),
(39885256, 'alvien@gmail.com', 'abc12345'),
(40010767, 'gg@gmail.com', '$2y$10$SDDZzLhCrlm9anxPbsJn0.lvApz.O/9o4NpdRkamZGZeTDsD6lDMq'),
(51086380, 'chew2001@gmail.com', '$2y$10$ASD6ntDKRPs3DkpWyr/Ww.z5mAlgTWQskyhKZUv1QIfGzvFF8i9Cy'),
(59848956, 'hakimxx@gmail.com', '$2y$10$I2k0U/GA5frS.RA1PKpH7uAEJtSjvuMktX.Z2D.a6W.jgiMGtTm/q'),
(60764766, 'kunzhaf17@gmail.com', '$2y$10$qnv8Lt3ngwDmCdTruKvlD.H4r7lcPwat/sFJZxQX1I.9PJOZWg3wW'),
(64326364, 'syhmi1998@gmail.com', '$2y$10$mf0i7K5uhlQTLJZ5gsUJYOChv3XULE9O02ase.ZhkFDyI7J/8L2ke'),
(70227228, 'tiong01@gmail.com', '$2y$10$iOuICipPTWTi5g7el1HN6eO6QmjCZPI7T1ryPUDch6lnrF3YNYxXe'),
(74638823, 'azmin2001@gmail.com', '$2y$10$fi/0GvICdghfIflSHfqhaeP8zu1Mh5FLtodpuuHwQMaSZObV2NyQm'),
(74671124, 'hakim01x@gmail.com', '$2y$10$pHoAcdwgeEEZM1/k4TshbOifXWXq8ItwmJc2GFhXY0a9tPdV5MtUq'),
(76973662, 'hakim01@gmail.com', '$2y$10$KXZ2a.5YwT1FnkF7R5PrbOXneQNPkBVUO1RmdMmwcHzHQiyd0HkJC'),
(80501516, 'encikthariq@gmail.com', 'abc12345'),
(81681205, 'rosie2001@gmail.com', '$2y$10$lUYx4FdjLPsaF3XNdw1k3.MzBghouiS58Hmnwv5jSUpjIbRTHjU7u'),
(90311206, 'alvien303@gmail.com', '$2y$10$27JgQ0t6OgFTqlUHrViTiu9JAvh17ZUw2p1.WLZzdMTIj03e4Y6zi'),
(91162002, 'alvenpensyarah@gmail.com', 'abc12345'),
(91186202, 'eliza@gmail.com', 'abc12345'),
(91517759, 'sheiryrozy@gmail.com', '$2y$10$9BhIqcz2LJqhpiTheasIce7M6.yPzHOlTFnhOFPB.hQ1riO3/7b8i'),
(93628004, 'hakimaah@gmail.com', '$2y$10$vKSoseGnN9N7/wrx4E9Gs.e.ZXJ94.x4mF7dKsS9pmGbfERboW4hC'),
(94329313, 'zhafri2001@gmail.com', '$2y$10$Th2L0LJ5C/nuXBjwl3zpJuJIHH25sKYsJ/Ao/qV2fkj6/TCbPsItm'),
(98616973, 'Syahmi1998@gmail.com', '$2y$10$PmOat6KfAWuJtS4qadYQgOvg1jigotDSqaAP169oVPFFoOTxdnm0O'),
(123456789, 'hakim@gmail.com', 'abc12345');

-- --------------------------------------------------------

--
-- Table structure for table `user_info`
--

CREATE TABLE `user_info` (
  `id` int(100) NOT NULL,
  `name` varchar(100) NOT NULL,
  `ic_number` varchar(200) NOT NULL,
  `matrix_num` varchar(200) NOT NULL,
  `birthday` varchar(200) NOT NULL,
  `email` varchar(200) NOT NULL,
  `phone_num` varchar(200) NOT NULL,
  `address` varchar(1000) NOT NULL,
  `primary_school` varchar(200) NOT NULL,
  `lower_secondary` varchar(200) NOT NULL,
  `upper_secondary` varchar(200) NOT NULL,
  `university` varchar(200) NOT NULL,
  `college` varchar(200) NOT NULL,
  `polytechnic` varchar(200) NOT NULL,
  `current_job` varchar(200) NOT NULL,
  `father_name` varchar(1000) NOT NULL,
  `mother_name` varchar(1000) NOT NULL,
  `emergency_number` varchar(50) NOT NULL,
  `city` varchar(50) NOT NULL,
  `state` varchar(50) NOT NULL,
  `zip_code` varchar(50) NOT NULL,
  `religion` varchar(50) NOT NULL,
  `race` varchar(200) NOT NULL,
  `department` varchar(100) NOT NULL,
  `course` varchar(100) NOT NULL,
  `class` varchar(100) NOT NULL,
  `club` varchar(100) NOT NULL
) ENGINE=InnoDB DEFAULT CHARSET=utf8mb4;

--
-- Dumping data for table `user_info`
--

INSERT INTO `user_info` (`id`, `name`, `ic_number`, `matrix_num`, `birthday`, `email`, `phone_num`, `address`, `primary_school`, `lower_secondary`, `upper_secondary`, `university`, `college`, `polytechnic`, `current_job`, `father_name`, `mother_name`, `emergency_number`, `city`, `state`, `zip_code`, `religion`, `race`, `department`, `course`, `class`, `club`) VALUES
(2176865, 'Mohammad Sheiry Rozy', '011201182018', '20DDT19F1056', '12/1/2001', 'sheiryrozy01@gmail.com', '0135181479', 'Kampung Petanak Mukah', 'Sk Mukah', 'Sk kampung petanak', 'SMK MUKAH', 'Politeknik', 'Poli', 'Politeknik', 'Student', 'Yujin', 'Hinata', '0135182347', 'Mukah', 'Sarawak', '96400', 'Islam', 'Malay', 'JTMK', 'SAD', 'DDT5B', 'Badminton'),
(6701268, 'qqqq', '965698564458', '20DDT22222', '21/12/118768768', 'nurul.asmahani@gmail.com', '012365899', 'kjhbkjhkh', 'sk.ggfgfg', 'jhkhkhtryrty', 'hbkhkh', '', '', ',jhkhkjh', 'hbkhjkjh', ',b,bnnb', 'kjkhkhjhj', '8098098089', 'Kulai', 'Perlis', '78787', 'Christian', 'Murut', 'JKA', 'DKA', 'ddt66', 'Pembimbing Rakan Sebaya'),
(6942765, 'Vienn', '010330089999', '20DDT19F99111', '30/3/2021', 'vienlyn155@gmail.com', '0178550811', 'Block C2 Unit 3 Town Villa Sibu Jaya ', 'SK Kampung Batu Jalan Ipoh , Kuala Lumpur', 'SMK SIBU JAYA', 'SMK SIBU JAYA', '', '', 'Politeknik Mukah', 'Student', 'Aba', 'Ama', '0111111111', 'Sibu', 'Sarawak', '96000', 'Christian', 'Iban', 'JTMK', 'SAD', 'DDT5C', 'Askar Wataniah'),
(11421728, '', '', '', '', 'koko@gmail.ruk', '', '', '', '', '', '', '', '', '', '', '', '', '', '', '', '', '', '', '', '', ''),
(13029031, 'guess', '123456789019', '1123456789012', '01/01/2021', 'guess@email.com', '1111111111', 'Block A', 'Sk Mukah', 'Smk Mukah', 'Smk Mukah', '', '', 'Polytechnic Mukah', 'Student', 'Ayah', 'Ibu', '1234567890', 'Sibu', 'Sarawak', '96000', 'Islam', 'Malay', 'JTMK', 'SAD', 'xxxxx', 'Chess'),
(14859692, 'Tiong Wei Jie', '000413131069', '20DDT19F1077', '13/4/2000', 'tiong2000@gmail.com', '0111546696', 'No.10,Jalan Haruan', 'SMK ST Anthony', 'SMK banda baru', 'SMK banda old', '', '', 'Polytechnic Mukah', 'Student', 'Tiong Yang Woon', 'Wong Chung Ping', '+15466966', 'Sarikei', 'Sarawak', '96100', 'Buddha', 'Chinese', 'JTMK', 'SAD', 'DDT5B', 'Badminton'),
(17548142, 'MUHAMMAD THARIQ BIN ABDUL RAZAK', '011143722629', '54545555555', '09/06/1994', 'thariq9694@gmail.com', '01114372629', 'NO 354 JALAN SELASIH 3', '1', '2', '1', '1', '1', '1', '1', '1', '1', '1', '1', '1', '1', '1', '1', '1', '1', '1', '1'),
(19788673, '', '', '', '', 'afiq2001@gmail.com', '', '', '', '', '', '', '', '', '', '', '', '', '', '', '', '', '', '', '', '', ''),
(24529015, '', '', '', '', 'xgg@gmail.com', '', '', '', '', '', '', '', '', '', '', '', '', '', '', '', '', '', '', '', '', ''),
(31567357, 'Vien', '010330130000', '20DDT19F9990', '30/3/2001', 'abinsigat19@gmail.com', '0178599999', 'Block D', 'SK Sibu ', 'SMK Sibu ', 'SMK Sibu', '', '', 'Politeknik Mukah', 'Student', 'Abu', 'Mina', '0178548810', 'Sibu', 'Sarawak', '96000', 'Christian', 'Iban', 'JKM', 'SAD', 'DDT5C', 'Askar Wataniah'),
(34839252, 'Andee Zestman', '01010101', '20DDT19F110I', '210721', 'andzyundead@gmail.com', '013962211', 'Kampung', 'Sk bandar sarikei', 'Smk bandar sarikei', 'Smk dalat', 'Uitm', 'Pmu', 'Polu', 'Student', 'Lebin', 'Lebin', '012837284', 'Sarikei', 'Sarawak', '96100', 'Christian', 'Melanau', 'JTMK', 'SAD', 'Ddt5c', 'Olahraga'),
(39885256, 'Alvien Lynneth', '010921130020', '20DDT19F1020', '21/9/2001', 'alvien@gmail.com', '0135398591', 'No 20,jalan haji Karim', 'SK Sibu', 'SMK Sibu', 'SMK Sibu', '', '', 'Politeknik Mukah', 'Student', 'Hong Song Song', '-', '0135398599', 'Sarikei', 'Sarawak', '96100', 'Christian', 'Iban', 'JTMK', 'SAD', 'DDT5C', 'Askar Wataniah'),
(51086380, 'Chiu Siew Chin', '123456789012', '20DDT19F1059 ', '31102000', 'chew2001@gmail.com', '0178599238', 'No. 68 Lorong 3, Jalan Chung Nik, 96100 Sarikei.', 'SJKC Lupa ', 'SMK ST ANTHONY ', 'SMK ST ANTHONY ', '', '', 'Polytechnic Mukah', 'Student', 'Chiu', 'Chiew', '084652222', 'Sarikei', 'Sarawak', '96100', 'Buddha', 'Chinese', 'JTMK', 'SAD', 'DDT5C ', 'Chess'),
(59848956, 'Bishe Bishe', '2222222222', '222222222', '222222', 'hakimxx@gmail.com', 'SS', 'ss', 'ss', 'ss', 'ss', 'ss', 'ss', 'ss', 'ss', 'ss', 'ss', 'ss', 'Sarikei', 'Negeri Sembilan', 'ss', 'Islam', 'Malay', 'JP', 'SAD', 'ss', 'Badminton'),
(60764766, 'Mohd Zhafri', '010918130781', '20DDT19F1063', '18/9/2001', 'kunzhaf17@gmail.com', '0145865639', 'Lot 649, Lorong harmoni 1-A', 'SK AGAMA', 'SMK AGAMA', 'SMK', 'KOLEJ ORNG PUTIH', '', 'POLI MUKAH', 'STUDENT', 'HAKIM', 'KHADIJAH', '0145865639', 'Miri', 'Sarawak', '980000', 'Islam', 'Malay', 'JTMK', 'SAD', 'DDT5H', 'Memanah'),
(64326364, 'Muhd nur syahmi', '981007136835', '20DDT19F1097', '07/10/1998', 'syhmi1998@gmail.com', '0111035488', 'No4. Jalan kampung seberang, sarikei', 'Sk Agama Sarikei', 'SMK Agama Sarikei', 'SMK Agama Sarikei', '', '', 'Polytechnic Mukah', 'Student', 'Mohamad', 'Siti', '0111987486', 'Sarikei', 'Sarawak', '96100', 'Islam', 'Malay', 'JTMK', 'NS', 'DDT5H', 'Rukun Negara'),
(70227228, 'Tiong Wei Jie', '000413131069', '20DDT19F1077', '04/13/2000', 'tiong01@gmail.com', '01115466966', 'No 20,jalan haji jarim', 'ST.Anthony,Sarikei', 'Smk sarikei baru', 'Am hahha baru', 'Piliteknik mukah', 'Uct', 'Politeknik mukah', 'Student', 'Yang', 'Ping', '0135398599', 'Sarikei', 'Sarawak', '96100', 'Buddha', 'Chinese', 'JTMK', 'SAD', 'Ddt5b', 'Memanah'),
(74638823, 'Nur Azmin Amirul Bin Kemrol', '011011130403', '20DKM19F1038', '11/10/2001', 'azmin2001@gmail.com', '0111401505', 'Lot 563 No 69 Taman Susur Jambu Sarikei Sarawak', 'SK Methodist', 'SMK Sarikei Baru', 'SMK Sarikei Baru', 'Politeknik Mukah Sarawak', 'Politeknik Mukah Sarawak', 'Politeknik Mukah', 'Student', 'Kemrol Bin Yusof', 'Nurainie Leong Abdul', '0111401124', 'Sarikei', 'Sarawak', '96100', 'Islam', 'Malay', 'JKM', 'DKM', 'DKM5A', 'Bola Sepak'),
(74671124, '', '', '', '', 'hakim01x@gmail.com', '', '', '', '', '', '', '', '', '', '', '', '', '', '', '', '', '', '', '', '', ''),
(76973662, 'Mohd Abdul hakim', '010921139999', '20DDT19F9999', '21/9/2000', 'hakim01@gmail.com', '0135398593', 'No 20,jalan haji jarim', 'SK Sibu', 'SK Sibu', 'SK Sibu', 'SK Sibu', 'SK Sibu', 'Polimu', 'Student', 'Busrah Bin Suhai', 'Khadijah Abdullah', '01022211924', 'Sarikei', 'Sarawak', '96100', 'Islam', 'Iban', 'JTMK', 'SAD', 'DDT5B', 'Memanah'),
(80501516, '', '', '', '', 'encikthariq@gmail.com', '', '', '', '', '', '', '', '', '', '', '', '', '', '', '', '', '', '', '', '', ''),
(81681205, '', '', '', '', 'rosie2001@gmail.com', '', '', '', '', '', '', '', '', '', '', '', '', '', '', '', '', '', '', '', '', ''),
(90311206, 'Alvien Lynneth', '010330080000', '20DDT19F1116', '30/03/2001', 'alvien303@gmail.com', '0178550812', 'Block c2 unit 3 town villa', 'Sk Sibu Jaya', 'Smk sibu jaya', 'Smk sibu jaya', '', '', 'Politenik mukah', 'Student', 'Jang anak jung', 'mang anak ming', '0178548810', 'Sibu', 'Sarawak', '96000', 'Christian', 'Iban', 'JTMK', 'SAD', 'DDT5C', 'Askar Wataniah'),
(91162002, 'Alven pensyarah', '010921130021', '20DDT19F1051', '21/9/2001', 'alvenpensyarah@gmail.com', '60135398599', 'No 20,jalan haji jarim', 'SK Sibu', 'SMK Sibu', 'SMK Sibu', '', '', 'Politeknik Mukah', 'Student', 'Hong Song Song', '-', '0135398599', 'Sarikei', 'Sarawak', '96100', 'Christian', 'Iban', 'JTMK', 'SAD', 'DDT5B', 'Askar Wataniah'),
(91186202, 'Eliza Kantan', '010921130011', '20DDT19F1022', '21/9/2001', 'eliza@gmail.com', '0135399999', 'No 20,Jalan Sibu', 'SK Saratok', 'SMK  Saratok', 'SMK Saratok', '', '', 'Politeknik Mukah', 'Student', 'Bunie', '-', '0199999999', 'Saratok', 'Sarawak', '96100', 'Christian', 'Iban', 'JTMK', 'SAD', 'DDT5B', 'Olahraga'),
(91517759, 'Sheiry Rozy', '011201131159', '20DDT19F1057', '12/01/2001', 'sheiryrozy@gmail.com', '0135181471', 'Kampung Petanak Mukah', 'So agama', 'SMK MUKAH', 'SMK MUKAH', 'Politeknik', 'Politeknik', 'Politeknik Mukah', 'Student', 'Johnny', 'Aziaty', '013421374', 'Mukah', 'Sarawak', '96400', 'Islam', 'Malay', 'JTMK', 'SAD', 'DDT5B', 'Badminton'),
(93628004, '', '', '', '', 'hakimaah@gmail.com', '', '', '', '', '', '', '', '', '', '', '', '', '', '', '', '', '', '', '', '', ''),
(94329313, 'Mohd Zhafri ', '010918130981', '20DDT19F1064', '18/9/2001', 'zhafri2001@gmail.com', '0145865636', 'Lot 649, Lorong Harmoni Tudan, MIRI, Sarawak', 'SK Agama mis MIRI', 'SMK PUJUT', 'SMK AGAMA ', '', '', 'Polytechnic Mukah', 'Student', 'Sulaiman Bin Isa', 'Misah Binti Samijoe', '0138422333', 'Miri', 'Sarawak', '98000', 'Islam', 'Malay', 'JTMK', 'NS', 'DDT5H', 'Askar Wataniah'),
(123456789, 'Mohd Abdul Hakim', '010921130029', '20DDT19F1050', '21/9/2001', 'hakimencem01@gmail.com', '0135398599', 'No 20,jalan haji Karim', 'SK Agama MIS Sarikei', 'SMK Sarikei Baru', 'SMK Sarikei Baru', '', '', 'Politeknik Mukah', 'Student', 'Busrah Bin Suhai', 'Khadijah Abdullah', '0198781148', 'Sarikei', 'Sarawak', '96100', 'Islam', 'Malay', 'JTMK', 'SAD', 'DDT5B', 'Badminton');

--
-- Indexes for dumped tables
--

--
-- Indexes for table `pageform`
--
ALTER TABLE `pageform`
  ADD PRIMARY KEY (`page_id`);

--
-- Indexes for table `user`
--
ALTER TABLE `user`
  ADD PRIMARY KEY (`user_id`);

--
-- Indexes for table `user_info`
--
ALTER TABLE `user_info`
  ADD PRIMARY KEY (`id`);
COMMIT;

/*!40101 SET CHARACTER_SET_CLIENT=@OLD_CHARACTER_SET_CLIENT */;
/*!40101 SET CHARACTER_SET_RESULTS=@OLD_CHARACTER_SET_RESULTS */;
/*!40101 SET COLLATION_CONNECTION=@OLD_COLLATION_CONNECTION */;
